{"name":"32c65a03-d99c-4b62-bf62-9e4b33294d1b","id":"/providers/Microsoft.Flow/flows/32c65a03-d99c-4b62-bf62-9e4b33294d1b","type":"Microsoft.Flow/flows","properties":{"apiId":"/providers/Microsoft.PowerApps/apis/shared_logicflows","displayName":"Manually cancel old running flows","definition":{"metadata":{"workflowEntityId":null,"processAdvisorMetadata":null,"flowChargedByPaygo":null,"flowclientsuspensionreason":"None","flowclientsuspensiontime":null,"flowclientsuspensionreasondetails":null,"creator":{"id":"cae060a7-939f-4502-9aef-a3a88248cd9d","type":"User","tenantId":"22426826-dc4c-401a-8d0e-7f97e64c0f99"},"provisioningMethod":"FromDefinition","failureAlertSubscription":true,"clientLastModifiedTime":"2025-06-22T09:13:34.1914716Z","connectionKeySavedTimeKey":"2025-06-22T09:13:34.1914716Z","creationSource":null,"modifiedSources":"Portal"},"$schema":"https://schema.management.azure.com/providers/Microsoft.Logic/schemas/2016-06-01/workflowdefinition.json#","contentVersion":"undefined","parameters":{"$connections":{"defaultValue":{},"type":"Object"},"$authentication":{"defaultValue":{},"type":"SecureObject"}},"triggers":{"manual":{"metadata":{"operationMetadataId":"c6adad6f-2f74-45b7-91e0-d4f395535c4a"},"type":"Request","kind":"Button","inputs":{"schema":{"type":"object","properties":{},"required":[]}}}},"actions":{"Initialize_variable_-_Flow_ID":{"runAfter":{},"metadata":{"operationMetadataId":"1e89f1ac-3abe-4431-bd53-5c263a5b4737"},"type":"InitializeVariable","inputs":{"variables":[{"name":"Flow IDs","type":"array","value":"@createArray('41eed8b8-5bbd-4e07-b8a8-36a5186bed96')"}]}},"Apply_to_each_2":{"foreach":"@variables('Flow IDs')","actions":{"Invoke_an_HTTP_request":{"runAfter":{},"limit":{"timeout":"PT1M"},"metadata":{"operationMetadataId":"162df156-fd1b-49c9-a04a-59fdca30fceb"},"type":"OpenApiConnection","inputs":{"host":{"apiId":"/providers/Microsoft.PowerApps/apis/shared_webcontents","connectionName":"shared_webcontents","operationId":"InvokeHttp"},"parameters":{"request/method":"GET","request/url":"https://api.flow.microsoft.com/providers/Microsoft.ProcessSimple/environments/a6601b8c-e680-ef67-a351-0ed0d0d1a2ad/flows/@{items('Apply_to_each_2')}/runs?api-version=2016-11-01&$filter=Status eq 'Running'"},"authentication":{"value":"@json(decodeBase64(triggerOutputs().headers['X-MS-APIM-Tokens']))['$ConnectionKey']","type":"Raw"}}},"Filter_array":{"runAfter":{"Invoke_an_HTTP_request":["Succeeded"]},"metadata":{"operationMetadataId":"a429a8e5-a333-48fb-9bd1-33d37a6a5cd9"},"type":"Query","inputs":{"from":"@body('Invoke_an_HTTP_request')?['value']","where":"@lessOrEquals(item()?['properties']?['startTime'], formatDateTime(addDays(utcNow(), -30), 'o'))"}},"Parse_JSON_-_Active_Flow_Run":{"runAfter":{"Filter_array":["Succeeded"]},"metadata":{"operationMetadataId":"bfdf1a6d-8ea8-4a76-b305-b3d7cc9d5600"},"type":"ParseJson","inputs":{"content":"@body('Filter_array')","schema":{"type":"array","items":{"type":"object","properties":{"name":{"type":"string"},"id":{"type":"string"},"type":{"type":"string"},"properties":{"type":"object","properties":{"startTime":{"type":"string"},"status":{"type":"string"},"correlation":{"type":"object","properties":{"clientTrackingId":{"type":"string"}}},"trigger":{"type":"object","properties":{"name":{"type":"string"},"inputsLink":{"type":"object","properties":{"uri":{"type":"string"},"contentVersion":{"type":"string"},"contentSize":{"type":"integer"},"contentHash":{"type":"object","properties":{"algorithm":{"type":"string"},"value":{"type":"string"}}}}},"outputsLink":{"type":"object","properties":{"uri":{"type":"string"},"contentVersion":{"type":"string"},"contentSize":{"type":"integer"},"contentHash":{"type":"object","properties":{"algorithm":{"type":"string"},"value":{"type":"string"}}}}},"startTime":{"type":"string"},"endTime":{"type":"string"},"originHistoryName":{"type":"string"},"correlation":{"type":"object","properties":{"clientTrackingId":{"type":"string"}}},"status":{"type":"string"}}},"isAborted":{"type":"boolean"}}},"isMigrationSource":{"type":"boolean"}},"required":["name","id","type","properties","isMigrationSource"]}}}},"Condition":{"actions":{"Apply_to_each":{"foreach":"@body('Parse_JSON_-_Active_Flow_Run')?['value']","actions":{"Cancel_Flow_Run":{"runAfter":{},"metadata":{"operationMetadataId":"42cfb9ba-fa80-4d82-890e-afcb3cecb121"},"type":"OpenApiConnection","inputs":{"host":{"apiId":"/providers/Microsoft.PowerApps/apis/shared_flowmanagement","connectionName":"shared_flowmanagement","operationId":"CancelFlowRun"},"parameters":{"environmentName":"a6601b8c-e680-ef67-a351-0ed0d0d1a2ad","flowName":"@items('Apply_to_each_2')","runId":"@items('Apply_to_each')?['name']"},"authentication":{"value":"@json(decodeBase64(triggerOutputs().headers['X-MS-APIM-Tokens']))['$ConnectionKey']","type":"Raw"}}}},"runAfter":{},"metadata":{"operationMetadataId":"d3cbeb37-ba08-4fa8-9ff8-23f028ad0dcc"},"type":"Foreach"}},"runAfter":{"Parse_JSON_-_Active_Flow_Run":["Succeeded"]},"expression":{"equals":["@empty(body('Parse_JSON_-_Active_Flow_Run'))","@false"]},"metadata":{"operationMetadataId":"1242437e-8142-48ff-924a-4b0a402c737b"},"type":"If"}},"runAfter":{"Initialize_variable_-_Flow_ID":["Succeeded"]},"metadata":{"operationMetadataId":"c5014a70-bb25-47b5-8481-6e4f1bc04e30"},"type":"Foreach"}}},"connectionReferences":{"shared_webcontents":{"connectionName":"7e4595e2d45c4cb49b8981f817844147","source":"Invoker","id":"/providers/Microsoft.PowerApps/apis/shared_webcontents","tier":"NotSpecified","apiName":"webcontents","isProcessSimpleApiReferenceConversionAlreadyDone":false},"shared_flowmanagement":{"connectionName":"32995eef98ec47acb549eed8dea1fe9b","source":"Invoker","id":"/providers/Microsoft.PowerApps/apis/shared_flowmanagement","tier":"NotSpecified","apiName":"flowmanagement","isProcessSimpleApiReferenceConversionAlreadyDone":false}},"flowFailureAlertSubscribed":false,"isManaged":false}}