<environmentvariabledefinition schemaname="ppac_app_id">
  <description default="This is the Application ID registered under Azure">
    <label description="This is the Application ID registered under Azure" languagecode="1033" />
  </description>
  <displayname default="app_id">
    <label description="app_id" languagecode="1033" />
  </displayname>
  <introducedversion>1.0.0.0</introducedversion>
  <iscustomizable>1</iscustomizable>
  <isrequired>0</isrequired>
  <secretstore>0</secretstore>
  <type>100000000</type>
</environmentvariabledefinition>