{"token":{"type":"oauthSetting","oAuthSettings":{"identityProvider":"aad","clientId":"@environmentVariables(\"ppac_app_id\")","scopes":[],"redirectMode":"GlobalPerConnector","redirectUrl":"https://global.consent.azure-apim.net/redirect/ppac-5fpower-20automate-20flow-20runs-5f47e8987c13b6fdb1","properties":{"IsFirstParty":"False","AzureActiveDirectoryResourceId":"https://service.flow.microsoft.com","IsOnbehalfofLoginSupported":true},"customParameters":{"LoginUri":{"value":"https://login.microsoftonline.com"},"TenantId":{"value":"@environmentVariables(\"ppac_tenant_id\")"},"ResourceUri":{"value":"https://service.flow.microsoft.com"},"EnableOnbehalfOfLogin":{"value":false}},"clientSecret":"@environmentVariables(\"ppac_client_secret\")"},"uiDefinition":{"displayName":"OAuth Connection","description":"OAuth Connection","constraints":{"required":"true","hidden":"false"}}},"token:TenantId":{"type":"string","metadata":{"sourceType":"AzureActiveDirectoryTenant"},"uiDefinition":{"constraints":{"required":"false","hidden":"true"}}}}