{"swagger":"2.0","info":{"title":"Default title","description":"This is a custom connector capable of fetching all older runs of a Power Automate flow in any environment","version":"1.0"},"host":"api.flow.microsoft.com","basePath":"/","schemes":["https"],"consumes":[],"produces":[],"paths":{"/providers/Microsoft.ProcessSimple/environments/{FlowEnvironment}/flows/{FlowGUID}/runs":{"get":{"responses":{"default":{"description":"default","schema":{}}},"description":"This action returns a list of all previous runs of a power automate flow","summary":"Retrieve Flow runs","operationId":"Retrieve_Flow_runs","parameters":[{"name":"FlowEnvironment","in":"path","required":true,"type":"string"},{"name":"FlowGUID","in":"path","required":true,"type":"string"},{"name":"api-version","in":"query","required":false,"type":"string"}]}}},"definitions":{},"parameters":{},"responses":{},"securityDefinitions":{"oauth2-auth":{"type":"oauth2","flow":"accessCode","authorizationUrl":"https://login.microsoftonline.com/common/oauth2/authorize","tokenUrl":"https://login.windows.net/common/oauth2/authorize","scopes":{}}},"security":[{"oauth2-auth":[]}],"tags":[]}