<environmentvariabledefinition schemaname="ppac_client_secret">
  <description default="This is the secret you have created under your application in Azure">
    <label description="This is the secret you have created under your application in Azure" languagecode="1033" />
  </description>
  <displayname default="client_secret">
    <label description="client_secret" languagecode="1033" />
  </displayname>
  <introducedversion>1.0.0.0</introducedversion>
  <iscustomizable>1</iscustomizable>
  <isrequired>0</isrequired>
  <secretstore>0</secretstore>
  <type>100000000</type>
</environmentvariabledefinition>