<environmentvariabledefinition schemaname="ppac_tenant_id">
  <description default="This is the Tenant ID of your Azure subscription">
    <label description="This is the Tenant ID of your Azure subscription" languagecode="1033" />
  </description>
  <displayname default="tenant_id">
    <label description="tenant_id" languagecode="1033" />
  </displayname>
  <introducedversion>1.0.0.0</introducedversion>
  <iscustomizable>1</iscustomizable>
  <isrequired>0</isrequired>
  <secretstore>0</secretstore>
  <type>100000000</type>
</environmentvariabledefinition>