{"name":"2a375290-08c9-4afe-bf51-b78b95a6ccef","id":"/providers/Microsoft.Flow/flows/2a375290-08c9-4afe-bf51-b78b95a6ccef","type":"Microsoft.Flow/flows","properties":{"apiId":"/providers/Microsoft.PowerApps/apis/shared_logicflows","displayName":"Web Scrapper test","definition":{"metadata":{"workflowEntityId":null,"processAdvisorMetadata":null,"flowChargedByPaygo":null,"flowclientsuspensionreason":"None","flowclientsuspensiontime":null,"flowclientsuspensionreasondetails":null,"creator":{"id":"314822a1-5ef5-4f44-b80d-6dd3b91e46bb","type":"User","tenantId":"e82b3bd8-f164-4245-a0f1-0088e583edd2"},"provisioningMethod":"FromDefinition","failureAlertSubscription":true,"clientLastModifiedTime":"2025-03-07T20:54:47.2651483Z","connectionKeySavedTimeKey":"2025-03-07T20:54:47.2651483Z","creationSource":null},"$schema":"https://schema.management.azure.com/providers/Microsoft.Logic/schemas/2016-06-01/workflowdefinition.json#","contentVersion":"1.0.0.0","parameters":{"$connections":{"defaultValue":{},"type":"Object"},"$authentication":{"defaultValue":{},"type":"SecureObject"}},"triggers":{"manual":{"metadata":{"operationMetadataId":"9c775c24-4347-49ca-82b0-a5e81f99d638"},"type":"Request","kind":"Button","inputs":{"schema":{"type":"object","properties":{"key-button-date":{"title":"Date","type":"string","x-ms-dynamically-added":false},"location":{"type":"object","properties":{"fullAddress":{"title":"Full address","type":"string","x-ms-dynamically-added":false},"address":{"type":"object","properties":{"countryOrRegion":{"title":"Country/Region","type":"string","x-ms-dynamically-added":false},"city":{"title":"City","type":"string","x-ms-dynamically-added":false},"state":{"title":"State","type":"string","x-ms-dynamically-added":false},"street":{"title":"Street","type":"string","x-ms-dynamically-added":false},"postalCode":{"title":"Postal code","type":"string","x-ms-dynamically-added":false}},"required":["countryOrRegion","city","state","street","postalCode"]},"coordinates":{"type":"object","properties":{"latitude":{"title":"Latitude","type":"number","x-ms-dynamically-added":false},"longitude":{"title":"Longitude","type":"number","x-ms-dynamically-added":false}},"required":["latitude","longitude"]}}}},"required":["key-button-date","location"]},"headersSchema":{"x-ms-user-name-encoded":{"title":"User name","type":"string","format":"byte","x-ms-dynamically-added":false},"x-ms-user-email-encoded":{"title":"User email","type":"string","format":"byte","x-ms-dynamically-added":false},"x-ms-user-timestamp":{"title":"Timestamp","type":"string","x-ms-dynamically-added":false}}}}},"actions":{"Initialize_variable_-_Company_Array":{"runAfter":{},"metadata":{"operationMetadataId":"cddf7c56-5803-442b-99a1-a5e955fef838"},"type":"InitializeVariable","inputs":{"variables":[{"name":"Company Array","type":"array","value":"@createArray('TESLA', 'TATA STEEL', 'Tata Consultancy Services', 'Apple', 'Google')"}]}},"Apply_to_each_-_for_loop_over_each_company_name":{"foreach":"@variables('Company Array')","actions":{"HTTP_request_to_search_the_first_name_that_pops_up_in_web_page":{"runAfter":{},"metadata":{"operationMetadataId":"79e4bc5c-1290-477d-b8da-beb6842f54f8"},"type":"Http","inputs":{"method":"GET","uri":"https://www.marketscreener.com/search/?q=@{items('Apply_to_each_-_for_loop_over_each_company_name')}"}},"Converting_Html_to_text":{"runAfter":{"HTTP_request_to_search_the_first_name_that_pops_up_in_web_page":["Succeeded"]},"metadata":{"operationMetadataId":"d436b9ba-f6f7-4c84-9f97-45eb38101cf3"},"type":"OpenApiConnection","inputs":{"host":{"apiId":"/providers/Microsoft.PowerApps/apis/shared_conversionservice","connectionName":"shared_conversionservice","operationId":"HtmlToText"},"parameters":{"Content":"<p>@{body('HTTP_request_to_search_the_first_name_that_pops_up_in_web_page')}</p>"},"authentication":{"value":"@json(decodeBase64(triggerOutputs().headers['X-MS-APIM-Tokens']))['$ConnectionKey']","type":"Raw"}}},"Set_variable_-_Temporary_Paragraph":{"runAfter":{"Converting_Html_to_text":["Succeeded"]},"metadata":{"operationMetadataId":"d6038e3a-d29b-4d2c-94a7-022983db336e"},"type":"SetVariable","inputs":{"name":"Temporary Paragraph","value":"@{substring(outputs('Converting_Html_to_text')?['body'], indexOf(outputs('Converting_Html_to_text')?['body'], 'Name Stock exchange Average volume'))}"}},"Set_variable_-_Quote_Link":{"runAfter":{"Set_variable_-_Temporary_Paragraph":["Succeeded"]},"metadata":{"operationMetadataId":"01993024-a1c1-4e97-b191-2419286da7e0"},"type":"SetVariable","inputs":{"name":"Quote Link","value":"@{slice(variables('Temporary Paragraph'), add(indexOf(variables('Temporary Paragraph'), '['), 1), indexOf(variables('Temporary Paragraph'), ']'))}"}},"Append_to_array_variable_-_Final_Links_of_all_companies":{"runAfter":{"Set_variable_-_Quote_Link":["Succeeded"]},"metadata":{"operationMetadataId":"8c475578-92fa-450b-911e-dc5f16c324a5"},"type":"AppendToArrayVariable","inputs":{"name":"Final Links of all companies","value":"@concat('https://www.marketscreener.com', variables('Quote Link'))"}}},"runAfter":{"Initialize_variable_-_Final_Links_of_all_companies":["Succeeded"]},"metadata":{"operationMetadataId":"a6263c0c-11aa-4e90-8d52-894611d3c85f"},"type":"Foreach"},"Initialize_variable_-_Quote_Link":{"runAfter":{"Initialize_variable_-_Temporary_Paragraph":["Succeeded"]},"metadata":{"operationMetadataId":"ee576f64-a633-4fb3-a283-0d91e1af04af"},"type":"InitializeVariable","inputs":{"variables":[{"name":"Quote Link","type":"string"}]}},"Initialize_variable_-_Temporary_Paragraph":{"runAfter":{"Initialize_variable_-_Company_Array":["Succeeded"]},"metadata":{"operationMetadataId":"83c5a838-3d23-4880-963c-a09a00dd1409"},"type":"InitializeVariable","inputs":{"variables":[{"name":"Temporary Paragraph","type":"string"}]}},"Initialize_variable_-_Final_Links_of_all_companies":{"runAfter":{"Initialize_variable_-_Quote_Link":["Succeeded"]},"metadata":{"operationMetadataId":"d97a83bf-7a7d-420c-96b5-f7f68616dc80"},"type":"InitializeVariable","inputs":{"variables":[{"name":"Final Links of all companies","type":"array"}]}},"Compose":{"runAfter":{"Apply_to_each_-_for_loop_over_each_company_name":["Succeeded"]},"metadata":{"operationMetadataId":"cc6e7e3a-0dff-4ff1-b667-7ba48e4e9f6e"},"type":"Compose","inputs":"@variables('Final Links of all companies')"}}},"connectionReferences":{"shared_conversionservice":{"connectionName":"shared-conversionser-d86a13fe-ab4f-47e3-8923-fa83804e9eed","source":"Invoker","id":"/providers/Microsoft.PowerApps/apis/shared_conversionservice","tier":"NotSpecified","apiName":"conversionservice"}},"flowFailureAlertSubscribed":false,"isManaged":false}}