{
  "properties": {
    "connectionReferences": {
      "shared_ppac-5fpower-20automate-20flow-20runs-5f47e8987c13b6fdb1": {
        "runtimeSource": "invoker",
        "connection": {
          "connectionReferenceLogicalName": "ppac_sharedppac5fpower20automate20flow20runs5f47e8987c13b6fdb1_3355e"
        },
        "api": {
          "name": "shared_ppac-5fpower-20automate-20flow-20runs-5f47e8987c13b6fdb1",
          "logicalName": "ppac_5Fpower-20automate-20flow-20runs"
        }
      }
    },
    "definition": {
      "$schema": "https://schema.management.azure.com/providers/Microsoft.Logic/schemas/2016-06-01/workflowdefinition.json#",
      "contentVersion": "1.0.0.0",
      "parameters": {
        "$connections": {
          "defaultValue": {},
          "type": "Object"
        },
        "$authentication": {
          "defaultValue": {},
          "type": "SecureObject"
        }
      },
      "triggers": {
        "manual": {
          "metadata": {
            "operationMetadataId": "46785f08-a820-40fb-828c-a82d47a944ae"
          },
          "type": "Request",
          "kind": "Button",
          "inputs": {
            "schema": {
              "type": "object",
              "properties": {},
              "required": []
            }
          }
        }
      },
      "actions": {
        "Retrieve_Flow_runs": {
          "runAfter": {},
          "metadata": {
            "operationMetadataId": "a610a64b-977f-4f53-bff8-988e75efc04f"
          },
          "type": "OpenApiConnection",
          "inputs": {
            "host": {
              "connectionName": "shared_ppac-5fpower-20automate-20flow-20runs-5f47e8987c13b6fdb1",
              "operationId": "Retrieve_Flow_runs",
              "apiId": ""
            },
            "parameters": {
              "FlowEnvironment": "aff571f1-f11d-e16a-b440-3cdb90e86c0d",
              "FlowGUID": "80a1433e-07ea-4dc4-b1ca-f20933ddc604"
            },
            "authentication": {
              "type": "Raw",
              "value": "@json(decodeBase64(triggerOutputs().headers['X-MS-APIM-Tokens']))['$ConnectionKey']"
            }
          }
        },
        "Filter_array_-_Get_all_results_except_the_succeeded_ones": {
          "runAfter": {
            "Retrieve_Flow_runs": [
              "Succeeded"
            ]
          },
          "metadata": {
            "operationMetadataId": "3b1e185e-6712-4414-9110-1e58c295245d"
          },
          "type": "Query",
          "inputs": {
            "from": "@body('Retrieve_Flow_runs')['value']",
            "where": "@not(equals(item()?['properties']?['status'], 'Succeeded'))"
          }
        }
      }
    },
    "templateName": ""
  },
  "schemaVersion": "1.0.0.0"
}