<ImportExportXml xmlns:xsi="http://www.w3.org/2001/XMLSchema-instance" OrganizationVersion="9.2.24122.192" OrganizationSchemaType="Full" CRMServerServiceabilityVersion="9.2.24122.00192">
  <Entities></Entities>
  <Roles></Roles>
  <Workflows>
    <Workflow WorkflowId="{dec7f7f0-49db-ef11-8eea-6045bd08d9ee}" Name="Fetch all power automate runs">
      <JsonFileName>/Workflows/Fetchallpowerautomateruns-DEC7F7F0-49DB-EF11-8EEA-6045BD08D9EE.json</JsonFileName>
      <Type>1</Type>
      <Subprocess>0</Subprocess>
      <Category>5</Category>
      <Mode>0</Mode>
      <Scope>4</Scope>
      <OnDemand>0</OnDemand>
      <TriggerOnCreate>0</TriggerOnCreate>
      <TriggerOnDelete>0</TriggerOnDelete>
      <AsyncAutodelete>0</AsyncAutodelete>
      <SyncWorkflowLogOnFailure>0</SyncWorkflowLogOnFailure>
      <StateCode>1</StateCode>
      <StatusCode>2</StatusCode>
      <RunAs>1</RunAs>
      <IsTransacted>1</IsTransacted>
      <IntroducedVersion>1.0.0.0</IntroducedVersion>
      <IsCustomizable>1</IsCustomizable>
      <BusinessProcessType>0</BusinessProcessType>
      <IsCustomProcessingStepAllowedForOtherPublishers>1</IsCustomProcessingStepAllowedForOtherPublishers>
      <PrimaryEntity>none</PrimaryEntity>
      <LocalizedNames>
        <LocalizedName languagecode="1033" description="Fetch all power automate runs" />
      </LocalizedNames>
    </Workflow>
  </Workflows>
  <FieldSecurityProfiles></FieldSecurityProfiles>
  <Templates />
  <EntityMaps />
  <EntityRelationships />
  <OrganizationSettings />
  <optionsets />
  <CustomControls />
  <EntityDataProviders />
  <Connectors>
    <Connector>
      <connectorid>18698422-89a7-4cdf-a13c-9357fa881fc1</connectorid>
      <description>This is a custom connector capable of fetching all older runs of a Power Automate flow in any environment</description>
      <displayname>Power Automate Flow Runs</displayname>
      <iconbrandcolor>#7FFFD4</iconbrandcolor>
      <name>ppac_5Fpower-20automate-20flow-20runs</name>
      <connectortype>1</connectortype>
      <openapidefinition>/Connector/ppac_5Fpower-20automate-20flow-20runs_openapidefinition.json</openapidefinition>
      <connectionparameters>/Connector/ppac_5Fpower-20automate-20flow-20runs_connectionparameters.json</connectionparameters>
      <policytemplateinstances>/Connector/ppac_5Fpower-20automate-20flow-20runs_policytemplateinstances.json</policytemplateinstances>
      <iconblob>/Connector/ppac_5Fpower-20automate-20flow-20runs_iconblob.Png</iconblob>
    </Connector>
  </Connectors>
  <connectionreferences>
    <connectionreference connectionreferencelogicalname="ppac_sharedppac5fpower20automate20flow20runs5f47e8987c13b6fdb1_3355e">
      <connectionreferencedisplayname>Power Automate Flow Runs Power_Automate_Flow_Runs-3355e</connectionreferencedisplayname>
      <connectorid>/providers/Microsoft.PowerApps/apis/shared_ppac-5fpower-20automate-20flow-20runs-5f47e8987c13b6fdb1</connectorid>
      <customconnectorid>
        <connectorid>18698422-89a7-4cdf-a13c-9357fa881fc1</connectorid>
      </customconnectorid>
      <iscustomizable>1</iscustomizable>
      <promptingbehavior>0</promptingbehavior>
      <statecode>0</statecode>
      <statuscode>1</statuscode>
    </connectionreference>
  </connectionreferences>
  <Languages>
    <Language>1033</Language>
  </Languages>
</ImportExportXml>