<environmentvariabledefinition schemaname="d365ps_D365URL">
  <description default="Your D365 environment URL (https://abc.operations.dynamics.com)">
    <label description="Your D365 environment URL (https://abc.operations.dynamics.com)" languagecode="1033" />
  </description>
  <displayname default="D365URL">
    <label description="D365URL" languagecode="1033" />
  </displayname>
  <introducedversion>1.0.0.0</introducedversion>
  <iscustomizable>1</iscustomizable>
  <isrequired>0</isrequired>
  <secretstore>0</secretstore>
  <type>100000000</type>
</environmentvariabledefinition>