{
  "properties": {
    "connectionReferences": {},
    "definition": {
      "$schema": "https://schema.management.azure.com/providers/Microsoft.Logic/schemas/2016-06-01/workflowdefinition.json#",
      "contentVersion": "1.0.0.0",
      "parameters": {
        "$authentication": {
          "defaultValue": {},
          "type": "SecureObject"
        },
        "TenantID (d365ps_TenantID)": {
          "defaultValue": "e82b3bd8-f164-4245-a0f1-0088e583edd2",
          "type": "String",
          "metadata": {
            "schemaName": "d365ps_TenantID",
            "description": "This is the Tenant ID of your Azure subscription"
          }
        },
        "ClientID (d365ps_ClientID)": {
          "defaultValue": "a1ae4a02-5ea4-4098-82be-9208cf3b53b5",
          "type": "String",
          "metadata": {
            "schemaName": "d365ps_ClientID",
            "description": "This is the Application ID registered under Azure"
          }
        },
        "ClientSecret (d365ps_ClientSecret)": {
          "defaultValue": "ctQ8Q~sTs-EdtjliJyJTXTFZDY_pVRmPtiptTcxl",
          "type": "String",
          "metadata": {
            "schemaName": "d365ps_ClientSecret",
            "description": "This is the secret you have created under your application"
          }
        },
        "D365URL (d365ps_D365URL)": {
          "defaultValue": "https://asptest.sandbox.operations.dynamics.com",
          "type": "String",
          "metadata": {
            "schemaName": "d365ps_D365URL",
            "description": "Your D365 environment URL (https://abc.operations.dynamics.com)"
          }
        }
      },
      "triggers": {
        "Recurrence": {
          "recurrence": {
            "frequency": "Month",
            "interval": 2,
            "startTime": "2025-04-23T04:30:00Z"
          },
          "metadata": {
            "operationMetadataId": "08c86aa1-77f8-4292-8c36-51d5fcfcc021"
          },
          "type": "Recurrence"
        }
      },
      "actions": {
        "HTTP_-_Get_all_errors_that_appeared_yesterday_in_DMF": {
          "runAfter": {},
          "metadata": {
            "operationMetadataId": "135b3a36-f115-4943-a502-392b6b0b4936"
          },
          "type": "Http",
          "inputs": {
            "method": "GET",
            "uri": "@{parameters('D365URL (d365ps_D365URL)')}/data/DataManagementExecutionJobDetails?$filter=JobId eq '*@{formatDateTime(addDays(utcNow(), -4), 'yyyy-MM-dd')}*'&$select=DefinitionGroupId,JobId,StagingStatus,TargetStatus",
            "authentication": {
              "type": "ActiveDirectoryOAuth",
              "tenant": "@parameters('TenantID (d365ps_TenantID)')",
              "audience": "@parameters('D365URL (d365ps_D365URL)')",
              "clientId": "@parameters('ClientID (d365ps_ClientID)')",
              "secret": "@parameters('ClientSecret (d365ps_ClientSecret)')"
            }
          }
        },
        "Filter_array": {
          "runAfter": {
            "HTTP_-_Get_all_errors_that_appeared_yesterday_in_DMF": [
              "Succeeded"
            ]
          },
          "metadata": {
            "operationMetadataId": "60e74878-f917-4a6b-801b-e4a97cf12d30"
          },
          "type": "Query",
          "inputs": {
            "from": "@body('HTTP_-_Get_all_errors_that_appeared_yesterday_in_DMF')?['value']",
            "where": "@or(equals(item()?['TargetStatus'], 'Error'), equals(item()?['StagingStatus'], 'Error'))"
          }
        },
        "Compose": {
          "runAfter": {
            "Filter_array": [
              "Succeeded"
            ]
          },
          "metadata": {
            "operationMetadataId": "c63d1bf5-0161-4724-80a5-f57083d2a459"
          },
          "type": "Compose",
          "inputs": "@body('Filter_array')"
        }
      }
    },
    "templateName": ""
  },
  "schemaVersion": "1.0.0.0"
}